[{
    "id": 1,

    "content": [ {

        "word": "魅蓝note6"
    }, {

        "word": "追求源于热爱"
    }, {

        "word": "限时优惠200"
    }, {

        "word": "0元砍价拿手机"

    }]
}, {
    "id": 2,

    "content": [{

        "word": "MEIZU",
            "img": "./img/imgs/banner7.jpg"
    }, {

        "word": "追求爱",
            "img": "./img/imgs/banner9.jpg"
    }, {

        "word": "HONOR",
            "img": "./img/imgs/banner10.jpg"
    }, {

        "word": "京东手机节",
            "img": "./img/imgs/banner12.jpg"
    }]
}]