{
    "result": [
        {
            "X":"0",
            "rotatex":"0",
            "rotatey":"0",
            "thumbnail":"./img/thumbs/banner10.jpg",
            "img":"./img/imgs/banner10.jpg"
        },
        {
            "X":"3000",
            "rotatex":"0",
            "rotatey":"180",
            "thumbnail":"./img/thumbs/banner11.jpg",
            "img":"./img/imgs/banner11.jpg"
        },
        {
            "X":"6000",
            "rotatex":"180",
            "rotatey":"0",
            "thumbnail":"./img/thumbs/banner12.jpg",
            "img":"./img/imgs/banner12.jpg"
        },
        {
            "X":"13500",
            "rotatex":"0",
            "rotatey":"180",
            "thumbnail":"./img/thumbs/banner7.jpg",
            "img":"./img/imgs/banner7.jpg"
        },
        {
            "X":"15000",
            "rotatex":"0",
            "rotatey":"-180",
            "thumbnail":"./img/thumbs/banner4.jpg",
            "img":"./img/imgs/banner4.jpg"
        },
        {
            "X":"16500",
            "rotatex":"0",
            "rotatey":"180",
            "thumbnail":"./img/thumbs/banner1.jpg",
            "img":"./img/imgs/banner1.jpg"
        }
    ],
    "hasnext": 100
}
