{
    "result": [{
            "price": "2999",
            "name": "IPHONE",
            "title":"双卡双待高科技",
            "word":"华为p20，游戏吃鸡"
        },
        {
            "price": "2999",
            "name": "HONOR",
            "title":"爆款精品抢购",
            "word":"华为p20，游戏吃鸡"
        },
        {
            "price": "2999",
            "name": "VIVO",
            "title":"爆款精品抢购",
            "word":"OPPOp20，游戏吃鸡"
        },
        {
            "price": "2999",
            "name": "MEIZU",
            "title":"爆款精品抢购",
            "word":"魅族p20，游戏吃鸡"
        },
        {
            "price": "2999",
            "name": "HONOR",
            "title":"爆款精品抢购",
            "word":"华为p20，游戏吃鸡"
        },
        {
            "price": "2999",
            "name": "OPPO",
            "title":"爆款精品抢购",
            "word":"更多年人的选择"
        },
        {
            "price": "2999",
            "name": "NOKIA",
            "title":"只为砸核桃而生",
            "word":"诺基亚，了解一下"
        },
        {
            "price": "2999",
            "name": "ONE PLUS",
            "title":"一加，你值得拥有",
            "word":"京东商城12期免息"
        }
    ],
    "hasnext": 100
}
