[{
    "id": 1,

    "content": [{

            "price": "1999",
            "name": "华为",
            "imgUrl": "./img/tab-banner13.jpg"
    }, {

        "price": "3999",
            "name": "魅族",
            "imgUrl": "./img/tab-banner14.jpg"
    }, {

        "price": "999",
            "name": "小米",
            "imgUrl": "./img/tab-banner15.jpg"
    }, {

        "price": "1999",
            "name": "360",
            "imgUrl": "./img/tab-banner16.jpg"
    }, {

        "price": "2999",
            "name": "小米",
            "imgUrl": "./img/tab-banner17.jpg"
    }, {

        "price": "3999",
            "name": "苹果",
            "imgUrl": "./img/tab-banner18.jpg"
    }]
}, {
    "id": 2,

    "content": [{

        "price": "4999",
            "name": "荣耀",
            "imgUrl": "./img/tab-banner19.jpg"
    }, {
        "price": "5999",
        "name": "锤子",
        "imgUrl": "./img/tab-banner20.jpg"
    }, {

        "price": "6999",
            "name": "坚果",
            "imgUrl": "./img/tab-banner21.jpg"
    }, {

        "price": "7999",
            "name": "糖果",
            "imgUrl": "./img/tab-banner22.jpg"
    }, {

        "price": "8999",
            "name": "vivo",
            "imgUrl": "./img/tab-banner23.jpg"
    }, {

        "price": "9999",
            "name": "黑莓",
            "imgUrl": "./img/tab-banner24.jpg"
    }]
}]