[{
    "id": 1,

    "content": [{

            "title": "xiaomi",
            "name": "小米6全网通",
            "img": "./img/download.jpg"
    }, {

        "title": "xiaomi",
            "name": "小米6全网通",
            "img": "./img/download1.jpg"
    }, {

        "title": "xiaomi",
            "name": "小米6全网通",
            "img": "./img/download2.jpg"
    }, {

        "title": "xiaomi",
            "name": "小米6全网通",
            "img": "./img/download3.jpg"
    }, {

        "title": "xiaomi",
            "name": "小米6全网通",
            "img": "./img/download4.jpg"
    }, {

        "title": "xiaomi",
            "name": "小米6全网通",
            "img": "./img/download5.jpg"
    }]
}, {
    "id": 2,

    "content": [{

        "title": "40000",
            "name": "锤子手机",
            "img": "./img/download10.jpg"
    }, {

        "title": "40000",
        "name": "锤子手机",
        "img": "./img/download7.jpg"
    }, {

        "title": "40000",
        "name": "锤子手机",
        "img": "./img/download8.jpg"
    }, {

        "title": "40000",
        "name": "锤子手机",
        "img": "./img/download9.jpg"
    }, {

        "title": "40000",
        "name": "锤子手机",
        "img": "./img/download10.jpg"
    }, {

        "title": "40000",
        "name": "锤子手机",
        "img": "./img/download11.jpg"
    }]
}]