[{
    "id": 1,

    "content": [{

            "word": "i like to watch clouds. think abt my future.",
            "name": "HUAWEI",
            "img": "./img/zxh5.jpg"
    }, {

        "word": "i like to watch clouds. think abt my future.",
            "name": "MEIZU",
            "img": "./img/zxh.jpg"
    }, {

        "word": "i like to watch clouds. think abt my future.",
            "name": "360",
            "img": "./img/zxh3.jpg"
    }, {

        "word": "i like to watch clouds. think abt my future.",
            "name": "NOKIA",
            "img": "./img/zxh2.jpg"
    }, {

        "word": "i like to watch clouds. think abt my future.",
            "name": "HONOR",
            "img": "./img/zxh3.jpg"
    }, {

        "word": "i like to watch clouds. think abt my future.",
            "name": "MI",
            "img": "./img/zxh5.jpg"
    }]
}, {
    "id": 2,

    "content": [{

        "word": "这一刻，更清晰",
            "name": "OPPO",
            "img": "./img/zxh4.jpg"
    }, {

        "word": "为拍照而生",
            "name": "VIVO",
            "img": "./img/zxh5.jpg"
    }, {

        "word": "为甜蜜而生",
            "name": "SUGAR",
            "img": "./img/zxh3.jpg"
    }, {

        "word": "砸核桃而生",
            "name": "NOKIA",
            "img": "./img/zxh2.jpg"
    }, {

        "word": "为发烧而生",
            "name": "MI",
            "img": "./img/zxh1.jpg"
    }, {

        "word": "为荣耀而生",
            "name": "HONOR",
            "img": "./img/zxh.jpg"
    }]
}]