[{
    "id": 1,

    "content": [{
            "img": "./img/banner10.jpg"
    }, {
            "img": "./img/banner9.jpg"
    }, {
            "img": "./img/banner12.jpg"
    }, {
            "img": "./img/banner4.jpg"
    }]
}, {
    "id": 2,

    "content": [{
        "word":"荣耀10,限时最高优惠200"
    }, {
        "word":"MEIZU,追求源于热爱"
    }, {
        "word":"京东商城，0元砍价拿手机"
    }, {
        "word":"华为nova3,新品上市"
    }]
}]