[{
    "id": 1,

    "content": [{
            "name": "小米:",
            "img": "./img/sub-menu1.jpg"
    }, {
            "name": "8SE",
            "img": "./img/sub-menu2.jpg"
    }, {
            "name": "红米5plus",
            "img": "./img/sub-menu3.jpg"
    }, {
            "name": "6X",
            "img": "./img/sub-menu4.jpg"
    }, {
            "name": "红米Note",
            "img": "./img/sub-menu1.jpg"
    }, {
            "name": "MIX2",
            "img": "./img/download5.jpg"
    },{
        "name": "小米:",
        "img": "./img/download.jpg"
}, {
        "name": "8SE",
        "img": "./img/download1.jpg"
}, {
        "name": "红米5plus",
        "img": "./img/download2.jpg"
}, {
        "name": "6X",
        "img": "./img/download3.jpg"
}, {
        "name": "红米Note",
        "img": "./img/download4.jpg"
}, {
        "name": "MIX2",
        "img": "./img/download5.jpg"
},{
    "name": "热点关注：",
    "img": "./img/download10.jpg"
}, {
"name": "锤子手机",
"img": "./img/download7.jpg"
}, {
"name": "锤子手机",
"img": "./img/download8.jpg"
}, {
"name": "锤子手机",
"img": "./img/download9.jpg"
}, {
"name": "锤子手机",
"img": "./img/download10.jpg"
}, {
"name": "锤子手机",
"img": "./img/download11.jpg"
}, {
"name": "锤子手机",
"img": "./img/download12.jpg"
},{
"name": "热点关注：",
"img": "./img/download10.jpg"
}, {
"name": "锤子手机",
"img": "./img/download7.jpg"
}, {
"name": "锤子手机",
"img": "./img/download8.jpg"
}, {
"name": "锤子手机",
"img": "./img/download9.jpg"
}, {
"name": "锤子手机",
"img": "./img/download10.jpg"
}, {
"name": "锤子手机",
"img": "./img/download11.jpg"
}, {
"name": "锤子手机",
"img": "./img/download12.jpg"
}]
}, {
    "id": 2,

    "content": [{
            "name": "价位段：",
            "img": "./img/sub-menu4.jpg"
    }, {
        "name": "500-999",
        "img": "./img/sub-menu1.jpg"
    }, {
        "name": "1000-1699",
        "img": "./img/sub-menu3.jpg"
    }, {
        "name": "1700-2799",
        "img": "./img/sub-menu2.jpg"
    }, {
        "name": "2800-4499",
        "img": "./img/sub-menu1.jpg"
    }, {
        "name": "4499-10000",
        "img": "./img/download11.jpg"
    }, {
        "name": "热点推荐：",
        "img": "./img/download12.jpg"
    },{
        "name": "价位段：",
        "img": "./img/download10.jpg"
}, {
    "name": "500-999",
    "img": "./img/download7.jpg"
}, {
    "name": "1000-1699",
    "img": "./img/download8.jpg"
}, {
    "name": "1700-2799",
    "img": "./img/download9.jpg"
}, {
    "name": "2800-4499",
    "img": "./img/download10.jpg"
}, {
    "name": "4499-10000",
    "img": "./img/download11.jpg"
}, {
    "name": "热点推荐：",
    "img": "./img/download12.jpg"
},{
    "name": "热点关注：",
    "img": "./img/download10.jpg"
}, {
"name": "锤子手机",
"img": "./img/download7.jpg"
}, {
"name": "锤子手机",
"img": "./img/download8.jpg"
}, {
"name": "锤子手机",
"img": "./img/download9.jpg"
}, {
"name": "锤子手机",
"img": "./img/download10.jpg"
}, {
"name": "锤子手机",
"img": "./img/download11.jpg"
}, {
"name": "锤子手机",
"img": "./img/download12.jpg"
},{
"name": "热点关注：",
"img": "./img/download10.jpg"
}, {
"name": "锤子手机",
"img": "./img/download7.jpg"
}, {
"name": "锤子手机",
"img": "./img/download8.jpg"
}, {
"name": "锤子手机",
"img": "./img/download9.jpg"
}, {
"name": "锤子手机",
"img": "./img/download10.jpg"
}, {
"name": "锤子手机",
"img": "./img/download11.jpg"
}, {
"name": "锤子手机",
"img": "./img/download12.jpg"
}]
},{
    "id": 3,

    "content": [{
            "name": "特色推荐：",
            "img": "./img/sub-menu3.jpg"
    }, {
        "name": "华为P20",
        "img": "./img/sub-menu2.jpg"
    }, {
        "name": "赠120G",
        "img": "./img/sub-menu3.jpg"
    }, {
        "name": "锤子手机",
        "img": "./img/sub-menu4.jpg"
    }, {
        "name": "锤子手机",
        "img": "./img/download10.jpg"
    }, {
        "name": "锤子手机",
        "img": "./img/download11.jpg"
    }, {
        "name": "锤子手机",
        "img": "./img/download12.jpg"
    },{
        "name": "特色推荐：",
        "img": "./img/download10.jpg"
}, {
    "name": "华为P20",
    "img": "./img/download7.jpg"
}, {
    "name": "赠120G",
    "img": "./img/download8.jpg"
}, {
    "name": "锤子手机",
    "img": "./img/download9.jpg"
}, {
    "name": "锤子手机",
    "img": "./img/download10.jpg"
}, {
    "name": "锤子手机",
    "img": "./img/download11.jpg"
}, {
    "name": "锤子手机",
    "img": "./img/download12.jpg"
},{
    "name": "热点关注：",
    "img": "./img/download10.jpg"
}, {
"name": "锤子手机",
"img": "./img/download7.jpg"
}, {
"name": "锤子手机",
"img": "./img/download8.jpg"
}, {
"name": "锤子手机",
"img": "./img/download9.jpg"
}, {
"name": "锤子手机",
"img": "./img/download10.jpg"
}, {
"name": "锤子手机",
"img": "./img/download11.jpg"
}, {
"name": "锤子手机",
"img": "./img/download12.jpg"
},{
"name": "热点关注：",
"img": "./img/download10.jpg"
}, {
"name": "锤子手机",
"img": "./img/download7.jpg"
}, {
"name": "锤子手机",
"img": "./img/download8.jpg"
}, {
"name": "锤子手机",
"img": "./img/download9.jpg"
}, {
"name": "锤子手机",
"img": "./img/download10.jpg"
}, {
"name": "锤子手机",
"img": "./img/download11.jpg"
}, {
"name": "锤子手机",
"img": "./img/download12.jpg"
}]
},{
    "id": 4,

    "content": [{
            "name": "热点关注：",
            "img": "./img/sub-menu3.jpg"
    }, {
        "name": "锤子手机",
        "img": "./img/sub-menu1.jpg"
    }, {
        "name": "锤子手机",
        "img": "./img/sub-menu2.jpg"
    }, {
        "name": "锤子手机",
        "img": "./img/sub-menu4.jpg"
    }, {
        "name": "锤子手机",
        "img": "./img/download10.jpg"
    }, {
        "name": "锤子手机",
        "img": "./img/download11.jpg"
    }, {
        "name": "锤子手机",
        "img": "./img/download12.jpg"
    },{
        "name": "热点关注：",
        "img": "./img/download10.jpg"
}, {
    "name": "锤子手机",
    "img": "./img/download7.jpg"
}, {
    "name": "锤子手机",
    "img": "./img/download8.jpg"
}, {
    "name": "锤子手机",
    "img": "./img/download9.jpg"
}, {
    "name": "锤子手机",
    "img": "./img/download10.jpg"
}, {
    "name": "锤子手机",
    "img": "./img/download11.jpg"
}, {
    "name": "锤子手机",
    "img": "./img/download12.jpg"
},{
    "name": "热点关注：",
    "img": "./img/download10.jpg"
}, {
"name": "锤子手机",
"img": "./img/download7.jpg"
}, {
"name": "锤子手机",
"img": "./img/download8.jpg"
}, {
"name": "锤子手机",
"img": "./img/download9.jpg"
}, {
"name": "锤子手机",
"img": "./img/download10.jpg"
}, {
"name": "锤子手机",
"img": "./img/download11.jpg"
}, {
}, {
    "name": "锤子手机",
"img": "./img/download12.jpg"
},{
"name": "热点关注：",
"img": "./img/download10.jpg"
}, {
"name": "锤子手机",
"img": "./img/download7.jpg"
}, {
"name": "锤子手机",
"img": "./img/download8.jpg"
}, {
"name": "锤子手机",
"img": "./img/download9.jpg"
}, {
"name": "锤子手机",
"img": "./img/download10.jpg"
}, {
"name": "锤子手机",
"img": "./img/download11.jpg"
}, {
"name": "锤子手机",
"img": "./img/download12.jpg"
    }]
}]